,model,layer,representation,same_relation_group_rdm_corr,same_relation_group_rdm_std,same_head_rdm_corr,same_head_rdm_std,same_modifier_rdm_corr,same_modifier_rdm_std
0,tiiuae/Falcon3-7B-Base,1,standard,0.09315885051121783,0.5048691485353974,,,,
1,tiiuae/Falcon3-7B-Base,1,standard,0.09315885051121783,0.5048691485353974,0.15505021696894847,0.7215277453852619,,
2,tiiuae/Falcon3-7B-Base,1,standard,0.09315885051121783,0.5048691485353974,0.15505021696894847,0.7215277453852619,-0.04140393356054126,0.5539468772880148
3,tiiuae/Falcon3-7B-Base,1,context,0.12421180068162378,0.4916444708468568,,,,
4,tiiuae/Falcon3-7B-Base,1,context,0.12421180068162378,0.4916444708468568,0.20899255409135672,0.7374429553086608,,
5,tiiuae/Falcon3-7B-Base,1,context,0.12421180068162378,0.4916444708468568,0.20899255409135672,0.7374429553086608,0.07763237542601487,0.6273882939843328
6,tiiuae/Falcon3-7B-Base,1,no_context,0.12436291792169854,0.46485318810861187,,,,
7,tiiuae/Falcon3-7B-Base,1,no_context,0.12436291792169854,0.46485318810861187,0.16789085501096498,0.781821868402855,,
8,tiiuae/Falcon3-7B-Base,1,no_context,0.12436291792169854,0.46485318810861187,0.16789085501096498,0.781821868402855,0.10853420835634604,0.5965286045418354
9,tiiuae/Falcon3-7B-Base,2,standard,0.49684720272649513,0.4850625880087171,,,,
10,tiiuae/Falcon3-7B-Base,2,standard,0.49684720272649513,0.4850625880087171,0.055329105942535615,0.6459843905952702,,
11,tiiuae/Falcon3-7B-Base,2,standard,0.49684720272649513,0.4850625880087171,0.055329105942535615,0.6459843905952702,0.12938729237669144,0.5958562266664191
12,tiiuae/Falcon3-7B-Base,2,context,0.3829863854350067,0.5166167410594213,,,,
13,tiiuae/Falcon3-7B-Base,2,context,0.3829863854350067,0.5166167410594213,-0.011952286093343933,0.69682955489232,,
14,tiiuae/Falcon3-7B-Base,2,context,0.3829863854350067,0.5166167410594213,-0.011952286093343933,0.69682955489232,0.0724568837309472,0.6202821938440601
15,tiiuae/Falcon3-7B-Base,2,no_context,0.4350435368658328,0.5132096841007546,,,,
16,tiiuae/Falcon3-7B-Base,2,no_context,0.4350435368658328,0.5132096841007546,0.09185978228815875,0.6659538674016512,,
17,tiiuae/Falcon3-7B-Base,2,no_context,0.4350435368658328,0.5132096841007546,0.09185978228815875,0.6659538674016512,0.1345627840717591,0.6339502008382498
18,tiiuae/Falcon3-7B-Base,3,standard,0.5693040864574423,0.40554196541700316,,,,
19,tiiuae/Falcon3-7B-Base,3,standard,0.5693040864574423,0.40554196541700316,-0.05116879948215351,0.5544201962046074,,
20,tiiuae/Falcon3-7B-Base,3,standard,0.5693040864574423,0.40554196541700316,-0.05116879948215351,0.5544201962046074,0.02070196678027063,0.6067477706121855
21,tiiuae/Falcon3-7B-Base,3,context,0.5900060532377129,0.4306556463281142,,,,
22,tiiuae/Falcon3-7B-Base,3,context,0.5900060532377129,0.4306556463281142,0.04855231154425933,0.6254711037411225,,
23,tiiuae/Falcon3-7B-Base,3,context,0.5900060532377129,0.4306556463281142,0.04855231154425933,0.6254711037411225,2.7755575615628915e-18,0.6035608621222175
24,tiiuae/Falcon3-7B-Base,3,no_context,0.5799573043277272,0.4470660046926787,,,,
25,tiiuae/Falcon3-7B-Base,3,no_context,0.5799573043277272,0.4470660046926787,-0.05983077957201196,0.6240388445413296,,
26,tiiuae/Falcon3-7B-Base,3,no_context,0.5799573043277272,0.4470660046926787,-0.05983077957201196,0.6240388445413296,-0.005175491695067658,0.5954964915333856
27,tiiuae/Falcon3-7B-Base,4,standard,0.6210590034081189,0.39005494118503,,,,
28,tiiuae/Falcon3-7B-Base,4,standard,0.6210590034081189,0.39005494118503,-0.051969450833757834,0.5494925234458562,,
29,tiiuae/Falcon3-7B-Base,4,standard,0.6210590034081189,0.39005494118503,-0.051969450833757834,0.5494925234458562,0.02587745847533829,0.6127004045324973
30,tiiuae/Falcon3-7B-Base,4,context,0.6572874452735926,0.35823226703195954,,,,
31,tiiuae/Falcon3-7B-Base,4,context,0.6572874452735926,0.35823226703195954,0.0774178415429336,0.6033294935695034,,
32,tiiuae/Falcon3-7B-Base,4,context,0.6572874452735926,0.35823226703195954,0.0774178415429336,0.6033294935695034,-0.06728139203587954,0.6060189176679459
33,tiiuae/Falcon3-7B-Base,4,no_context,0.6524141880586743,0.3971360872012968,,,,
34,tiiuae/Falcon3-7B-Base,4,no_context,0.6524141880586743,0.3971360872012968,-0.08570823804735025,0.5972685561645781,,
35,tiiuae/Falcon3-7B-Base,4,no_context,0.6524141880586743,0.3971360872012968,-0.08570823804735025,0.5972685561645781,0.0,0.5612486080160914
36,tiiuae/Falcon3-7B-Base,5,standard,0.6107080200179836,0.38158504013803124,,,,
37,tiiuae/Falcon3-7B-Base,5,standard,0.6107080200179836,0.38158504013803124,-0.039431047271890854,0.5016567334595716,,
38,tiiuae/Falcon3-7B-Base,5,standard,0.6107080200179836,0.38158504013803124,-0.039431047271890854,0.5016567334595716,-0.0051754916950676605,0.5081215405786298
39,tiiuae/Falcon3-7B-Base,5,context,0.6003570366278483,0.4850625880087171,,,,
40,tiiuae/Falcon3-7B-Base,5,context,0.6003570366278483,0.4850625880087171,0.01611259255372603,0.6000812671783219,,
41,tiiuae/Falcon3-7B-Base,5,context,0.6003570366278483,0.4850625880087171,0.01611259255372603,0.6000812671783219,0.04657942525560892,0.5564315514315947
42,tiiuae/Falcon3-7B-Base,5,no_context,0.6213612378882685,0.39021988235836225,,,,
43,tiiuae/Falcon3-7B-Base,5,no_context,0.6213612378882685,0.39021988235836225,-0.1529896300832298,0.5990693524571118,,
44,tiiuae/Falcon3-7B-Base,5,no_context,0.6213612378882685,0.39021988235836225,-0.1529896300832298,0.5990693524571118,-0.005175491695067652,0.5467191104344953
45,tiiuae/Falcon3-7B-Base,6,standard,0.5589531030673071,0.4633727287123033,,,,
46,tiiuae/Falcon3-7B-Base,6,standard,0.5589531030673071,0.4633727287123033,-0.10511113660456177,0.4686853258594544,,
47,tiiuae/Falcon3-7B-Base,6,standard,0.5589531030673071,0.4633727287123033,-0.10511113660456177,0.4686853258594544,0.12938729237669144,0.5352319256973694
48,tiiuae/Falcon3-7B-Base,6,context,0.5951815449327806,0.463343824821266,,,,
49,tiiuae/Falcon3-7B-Base,6,context,0.5951815449327806,0.463343824821266,-0.06370720304402051,0.6102212416074022,,
50,tiiuae/Falcon3-7B-Base,6,context,0.5951815449327806,0.463343824821266,-0.06370720304402051,0.6102212416074022,0.06728139203587954,0.5366313579038355
51,tiiuae/Falcon3-7B-Base,6,no_context,0.6575896797537422,0.33038075508944525,,,,
52,tiiuae/Falcon3-7B-Base,6,no_context,0.6575896797537422,0.33038075508944525,-0.10859762499935255,0.638746015103724,,
53,tiiuae/Falcon3-7B-Base,6,no_context,0.6575896797537422,0.33038075508944525,-0.10859762499935255,0.638746015103724,0.0362284418654736,0.5316164702382458
54,tiiuae/Falcon3-7B-Base,7,standard,0.5589531030673071,0.483735464897913,,,,
55,tiiuae/Falcon3-7B-Base,7,standard,0.5589531030673071,0.483735464897913,-0.09854887608936676,0.5518820827923634,,
56,tiiuae/Falcon3-7B-Base,7,standard,0.5589531030673071,0.483735464897913,-0.09854887608936676,0.5518820827923634,0.06210590034081189,0.5261721608534063
57,tiiuae/Falcon3-7B-Base,7,context,0.6210590034081189,0.4415880433163924,,,,
58,tiiuae/Falcon3-7B-Base,7,context,0.6210590034081189,0.4415880433163924,-0.006776794398276276,0.594880363170827,,
59,tiiuae/Falcon3-7B-Base,7,context,0.6210590034081189,0.4415880433163924,-0.006776794398276276,0.594880363170827,0.06728139203587954,0.548480042611267
60,tiiuae/Falcon3-7B-Base,7,no_context,0.6006592711079979,0.3670322080045309,,,,
61,tiiuae/Falcon3-7B-Base,7,no_context,0.6006592711079979,0.3670322080045309,-0.10262148195268057,0.5927913667987073,,
62,tiiuae/Falcon3-7B-Base,7,no_context,0.6006592711079979,0.3670322080045309,-0.10262148195268057,0.5927913667987073,0.020701966780270625,0.5045507195232494
63,tiiuae/Falcon3-7B-Base,8,standard,0.5330756445919688,0.4579944634724623,,,,
64,tiiuae/Falcon3-7B-Base,8,standard,0.5330756445919688,0.4579944634724623,-0.07784690930909613,0.5025050121963461,,
65,tiiuae/Falcon3-7B-Base,8,standard,0.5330756445919688,0.4579944634724623,-0.07784690930909613,0.5025050121963461,0.05693040864574424,0.5028223912504864
66,tiiuae/Falcon3-7B-Base,8,context,0.6469364618834572,0.39601812729073044,,,,
67,tiiuae/Falcon3-7B-Base,8,context,0.6469364618834572,0.39601812729073044,-0.04161846744362253,0.5970612940745113,,
68,tiiuae/Falcon3-7B-Base,8,context,0.6469364618834572,0.39601812729073044,-0.04161846744362253,0.5970612940745113,0.04140393356054126,0.5539468772880148
69,tiiuae/Falcon3-7B-Base,8,no_context,0.6161857461932008,0.383263299104453,,,,
70,tiiuae/Falcon3-7B-Base,8,no_context,0.6161857461932008,0.383263299104453,-0.12865005766809362,0.516516697500139,,
71,tiiuae/Falcon3-7B-Base,8,no_context,0.6161857461932008,0.383263299104453,-0.12865005766809362,0.516516697500139,0.010502100630210074,0.5257797330927586
72,tiiuae/Falcon3-7B-Base,9,standard,0.5951815449327806,0.3987144520652773,,,,
73,tiiuae/Falcon3-7B-Base,9,standard,0.5951815449327806,0.3987144520652773,-0.01574100896828423,0.5309379227174469,,
74,tiiuae/Falcon3-7B-Base,9,standard,0.5951815449327806,0.3987144520652773,-0.01574100896828423,0.5309379227174469,0.015526475085202978,0.4819324937908095
75,tiiuae/Falcon3-7B-Base,9,context,0.6572874452735926,0.4339704565323049,,,,
76,tiiuae/Falcon3-7B-Base,9,context,0.6572874452735926,0.4339704565323049,-0.06013301405216147,0.5772085714078724,,
77,tiiuae/Falcon3-7B-Base,9,context,0.6572874452735926,0.4339704565323049,-0.06013301405216147,0.5772085714078724,0.0,0.5457628998540878
78,tiiuae/Falcon3-7B-Base,9,no_context,0.6110102544981332,0.3761068795761563,,,,
79,tiiuae/Falcon3-7B-Base,9,no_context,0.6110102544981332,0.3761068795761563,-0.13915215829830369,0.5518743047737369,,
80,tiiuae/Falcon3-7B-Base,9,no_context,0.6110102544981332,0.3761068795761563,-0.13915215829830369,0.5518743047737369,-0.056628174165594715,0.563608547157055
81,tiiuae/Falcon3-7B-Base,10,standard,0.5900060532377129,0.41287320779421594,,,,
82,tiiuae/Falcon3-7B-Base,10,standard,0.5900060532377129,0.41287320779421594,0.0027735376402547194,0.48328432217524575,,
83,tiiuae/Falcon3-7B-Base,10,standard,0.5900060532377129,0.41287320779421594,0.0027735376402547194,0.48328432217524575,-0.031052950170405946,0.5061408612516594
84,tiiuae/Falcon3-7B-Base,10,context,0.6676384286637278,0.3858779414715044,,,,
85,tiiuae/Falcon3-7B-Base,10,context,0.6676384286637278,0.3858779414715044,-0.030466832701882895,0.5597834281137929,,
86,tiiuae/Falcon3-7B-Base,10,context,0.6676384286637278,0.3858779414715044,-0.030466832701882895,0.5597834281137929,0.07763237542601487,0.5312132340218946
87,tiiuae/Falcon3-7B-Base,10,no_context,0.5696063209375918,0.3977382279483212,,,,
88,tiiuae/Falcon3-7B-Base,10,no_context,0.5696063209375918,0.3977382279483212,-0.05773105999734853,0.540062148934345,,
89,tiiuae/Falcon3-7B-Base,10,no_context,0.5696063209375918,0.3977382279483212,-0.05773105999734853,0.540062148934345,-0.03592620738532409,0.5690837956280571
90,tiiuae/Falcon3-7B-Base,11,standard,0.6003570366278483,0.4109223075681618,,,,
91,tiiuae/Falcon3-7B-Base,11,standard,0.6003570366278483,0.4109223075681618,0.010937100858658367,0.5083815578836788,,
92,tiiuae/Falcon3-7B-Base,11,standard,0.6003570366278483,0.4109223075681618,0.010937100858658367,0.5083815578836788,-0.04140393356054126,0.5441900928378403
93,tiiuae/Falcon3-7B-Base,11,context,0.6935158871390661,0.2983885290786399,,,,
94,tiiuae/Falcon3-7B-Base,11,context,0.6935158871390661,0.2983885290786399,-0.04081781609201821,0.5761122585580929,,
95,tiiuae/Falcon3-7B-Base,11,context,0.6935158871390661,0.2983885290786399,-0.04081781609201821,0.5761122585580929,0.10350983390135315,0.5535599077142161
96,tiiuae/Falcon3-7B-Base,11,no_context,0.6058347628030655,0.35692718205342283,,,,
97,tiiuae/Falcon3-7B-Base,11,no_context,0.6058347628030655,0.35692718205342283,-0.030466832701882895,0.5096921206173403,,
98,tiiuae/Falcon3-7B-Base,11,no_context,0.6058347628030655,0.35692718205342283,-0.030466832701882895,0.5096921206173403,-0.03592620738532408,0.5420852022020488
99,tiiuae/Falcon3-7B-Base,12,standard,0.5589531030673071,0.46105469151872713,,,,
100,tiiuae/Falcon3-7B-Base,12,standard,0.5589531030673071,0.46105469151872713,-0.004589374226544612,0.4967541161680727,,
101,tiiuae/Falcon3-7B-Base,12,standard,0.5589531030673071,0.46105469151872713,-0.004589374226544612,0.4967541161680727,0.005175491695067655,0.5081215405786298
102,tiiuae/Falcon3-7B-Base,12,context,0.6624629369686602,0.34702819975986315,,,,
103,tiiuae/Falcon3-7B-Base,12,context,0.6624629369686602,0.34702819975986315,0.013925172381994356,0.5670906487148648,,
104,tiiuae/Falcon3-7B-Base,12,context,0.6624629369686602,0.34702819975986315,0.013925172381994356,0.5670906487148648,0.07763237542601487,0.5510136762627327
105,tiiuae/Falcon3-7B-Base,12,no_context,0.5747818126326595,0.38329594810420453,,,,
106,tiiuae/Falcon3-7B-Base,12,no_context,0.5747818126326595,0.38329594810420453,0.008749680686926697,0.5528451218941546,,
107,tiiuae/Falcon3-7B-Base,12,no_context,0.5747818126326595,0.38329594810420453,0.008749680686926697,0.5528451218941546,0.015828709565352494,0.5718735593816893
108,tiiuae/Falcon3-7B-Base,13,standard,0.5382511362870364,0.4916444708468568,,,,
109,tiiuae/Falcon3-7B-Base,13,standard,0.5382511362870364,0.4916444708468568,-0.017127777788411597,0.5258254021191304,,
110,tiiuae/Falcon3-7B-Base,13,standard,0.5382511362870364,0.4916444708468568,-0.017127777788411597,0.5258254021191304,0.0362284418654736,0.5131572440713054
111,tiiuae/Falcon3-7B-Base,13,context,0.6676384286637278,0.3659259292729688,,,,
112,tiiuae/Falcon3-7B-Base,13,context,0.6676384286637278,0.3659259292729688,-0.001601302703208618,0.5794063526955314,,
113,tiiuae/Falcon3-7B-Base,13,context,0.6676384286637278,0.3659259292729688,-0.001601302703208618,0.5794063526955314,0.10868532559642081,0.5417976032220362
114,tiiuae/Falcon3-7B-Base,13,no_context,0.5696063209375918,0.3895730054083564,,,,
115,tiiuae/Falcon3-7B-Base,13,no_context,0.5696063209375918,0.3895730054083564,0.013925172381994356,0.5594822385817243,,
116,tiiuae/Falcon3-7B-Base,13,no_context,0.5696063209375918,0.3895730054083564,0.013925172381994356,0.5594822385817243,0.015828709565352494,0.5566834924596069
117,tiiuae/Falcon3-7B-Base,14,standard,0.5123736778116982,0.5070661410788256,,,,
118,tiiuae/Falcon3-7B-Base,14,standard,0.5123736778116982,0.5070661410788256,-0.022303269483479254,0.4951937498440717,,
119,tiiuae/Falcon3-7B-Base,14,standard,0.5123736778116982,0.5070661410788256,-0.022303269483479254,0.4951937498440717,0.02587745847533829,0.5635109962167048
120,tiiuae/Falcon3-7B-Base,14,context,0.6779894120538632,0.3555302880406756,,,,
121,tiiuae/Falcon3-7B-Base,14,context,0.6779894120538632,0.3555302880406756,0.01910066407706201,0.56028642578375,,
122,tiiuae/Falcon3-7B-Base,14,context,0.6779894120538632,0.3555302880406756,0.01910066407706201,0.56028642578375,0.07763237542601485,0.5106455997768204
123,tiiuae/Falcon3-7B-Base,14,no_context,0.554079845852389,0.39406273661255986,,,,
124,tiiuae/Falcon3-7B-Base,14,no_context,0.554079845852389,0.39406273661255986,-0.02230326948347925,0.5246111415940697,,
125,tiiuae/Falcon3-7B-Base,14,no_context,0.554079845852389,0.39406273661255986,-0.02230326948347925,0.5246111415940697,0.02617969295548781,0.5917566799070135
126,tiiuae/Falcon3-7B-Base,15,standard,0.5123736778116982,0.5112746675851306,,,,
127,tiiuae/Falcon3-7B-Base,15,standard,0.5123736778116982,0.5112746675851306,-0.037829744568682225,0.49533284235106256,,
128,tiiuae/Falcon3-7B-Base,15,standard,0.5123736778116982,0.5112746675851306,-0.037829744568682225,0.49533284235106256,0.04140393356054126,0.5616302800139711
129,tiiuae/Falcon3-7B-Base,15,context,0.6883403954439984,0.35972459703818666,,,,
130,tiiuae/Falcon3-7B-Base,15,context,0.6883403954439984,0.35972459703818666,0.008749680686926687,0.5718971063318419,,
131,tiiuae/Falcon3-7B-Base,15,context,0.6883403954439984,0.35972459703818666,0.008749680686926687,0.5718971063318419,0.015526475085202968,0.5183507499753426
132,tiiuae/Falcon3-7B-Base,15,no_context,0.5592553375474566,0.36236597201831944,,,,
133,tiiuae/Falcon3-7B-Base,15,no_context,0.5592553375474566,0.36236597201831944,-0.01712777778841159,0.5319031161239015,,
134,tiiuae/Falcon3-7B-Base,15,no_context,0.5592553375474566,0.36236597201831944,-0.01712777778841159,0.5319031161239015,0.036530676345623125,0.5948214593550412
135,tiiuae/Falcon3-7B-Base,16,standard,0.5382511362870364,0.482848689697774,,,,
136,tiiuae/Falcon3-7B-Base,16,standard,0.5382511362870364,0.482848689697774,-0.05853171134895285,0.5145758685372339,,
137,tiiuae/Falcon3-7B-Base,16,standard,0.5382511362870364,0.482848689697774,-0.05853171134895285,0.5145758685372339,0.0362284418654736,0.5089642844612409
138,tiiuae/Falcon3-7B-Base,16,context,0.6831649037489308,0.3591656999213595,,,,
139,tiiuae/Falcon3-7B-Base,16,context,0.6831649037489308,0.3591656999213595,0.0035741889918590396,0.5766170524473333,,
140,tiiuae/Falcon3-7B-Base,16,context,0.6831649037489308,0.3591656999213595,0.0035741889918590396,0.5766170524473333,0.015526475085202973,0.5406097747649673
141,tiiuae/Falcon3-7B-Base,16,no_context,0.47644747042637403,0.42249498175124145,,,,
142,tiiuae/Falcon3-7B-Base,16,no_context,0.47644747042637403,0.42249498175124145,0.0035741889918590396,0.5421400156801027,,
143,tiiuae/Falcon3-7B-Base,16,no_context,0.47644747042637403,0.42249498175124145,0.0035741889918590396,0.5421400156801027,0.02617969295548781,0.6200497419564708
144,tiiuae/Falcon3-7B-Base,17,standard,0.5175491695067658,0.4920801328471383,,,,
145,tiiuae/Falcon3-7B-Base,17,standard,0.5175491695067658,0.4920801328471383,-0.04818072795881754,0.49008021532536744,,
146,tiiuae/Falcon3-7B-Base,17,standard,0.5175491695067658,0.4920801328471383,-0.04818072795881754,0.49008021532536744,0.05693040864574424,0.5091747524882088
147,tiiuae/Falcon3-7B-Base,17,context,0.6728139203587955,0.36960403522843593,,,,
148,tiiuae/Falcon3-7B-Base,17,context,0.6728139203587955,0.36960403522843593,0.07085558102773858,0.578774124021817,,
149,tiiuae/Falcon3-7B-Base,17,context,0.6728139203587955,0.36960403522843593,0.07085558102773858,0.578774124021817,0.010350983390135316,0.521570430800783
150,tiiuae/Falcon3-7B-Base,17,no_context,0.44539452025596804,0.455113088151317,,,,
151,tiiuae/Falcon3-7B-Base,17,no_context,0.44539452025596804,0.455113088151317,-0.0004984168714547877,0.5485080638590809,,
152,tiiuae/Falcon3-7B-Base,17,no_context,0.44539452025596804,0.455113088151317,-0.0004984168714547877,0.5485080638590809,-0.010350983390135316,0.5945286248064814
153,tiiuae/Falcon3-7B-Base,18,standard,0.5796550698475776,0.42978399890443314,,,,
154,tiiuae/Falcon3-7B-Base,18,standard,0.5796550698475776,0.42978399890443314,-0.032654252873614564,0.4989325603418423,,
155,tiiuae/Falcon3-7B-Base,18,standard,0.5796550698475776,0.42978399890443314,-0.032654252873614564,0.4989325603418423,0.10350983390135315,0.5257647491307985
156,tiiuae/Falcon3-7B-Base,18,context,0.6728139203587955,0.34252215778169537,,,,
157,tiiuae/Falcon3-7B-Base,18,context,0.6728139203587955,0.34252215778169537,0.0812065644178739,0.5829528843088584,,
158,tiiuae/Falcon3-7B-Base,18,context,0.6728139203587955,0.34252215778169537,0.0812065644178739,0.5829528843088584,0.031052950170405946,0.5487973864993998
159,tiiuae/Falcon3-7B-Base,18,no_context,0.4402190285609004,0.4471305114704825,,,,
160,tiiuae/Falcon3-7B-Base,18,no_context,0.4402190285609004,0.4471305114704825,0.0357300249940188,0.5768873335115166,,
161,tiiuae/Falcon3-7B-Base,18,no_context,0.4402190285609004,0.4471305114704825,0.0357300249940188,0.5768873335115166,-0.010350983390135316,0.5706199635984908
162,tiiuae/Falcon3-7B-Base,19,standard,0.5848305615426452,0.4188952306791214,,,,
163,tiiuae/Falcon3-7B-Base,19,standard,0.5848305615426452,0.4188952306791214,-0.027478761178546918,0.48288040870661125,,
164,tiiuae/Falcon3-7B-Base,19,standard,0.5848305615426452,0.4188952306791214,-0.027478761178546918,0.48288040870661125,0.1345627840717591,0.4976013895249318
165,tiiuae/Falcon3-7B-Base,19,context,0.6572874452735926,0.37000241311954407,,,,
166,tiiuae/Falcon3-7B-Base,19,context,0.6572874452735926,0.37000241311954407,0.02427615577212967,0.5514104872087441,,
167,tiiuae/Falcon3-7B-Base,19,context,0.6572874452735926,0.37000241311954407,0.02427615577212967,0.5514104872087441,0.04140393356054126,0.5520093166915626
168,tiiuae/Falcon3-7B-Base,19,no_context,0.41434157008556216,0.4723462493398438,,,,
169,tiiuae/Falcon3-7B-Base,19,no_context,0.41434157008556216,0.4723462493398438,0.04688165973575844,0.5904773107565064,,
170,tiiuae/Falcon3-7B-Base,19,no_context,0.41434157008556216,0.4723462493398438,0.04688165973575844,0.5904773107565064,0.005175491695067658,0.5734995952171944
171,tiiuae/Falcon3-7B-Base,20,standard,0.5900060532377129,0.3832660396419923,,,,
172,tiiuae/Falcon3-7B-Base,20,standard,0.5900060532377129,0.3832660396419923,0.008749680686926692,0.49345199529367134,,
173,tiiuae/Falcon3-7B-Base,20,standard,0.5900060532377129,0.3832660396419923,0.008749680686926692,0.49345199529367134,0.15526475085202973,0.5373546315051171
174,tiiuae/Falcon3-7B-Base,20,context,0.6521119535785249,0.36610888310134504,,,,
175,tiiuae/Falcon3-7B-Base,20,context,0.6521119535785249,0.36610888310134504,0.029451647467197327,0.5655500739773215,,
176,tiiuae/Falcon3-7B-Base,20,context,0.6521119535785249,0.36610888310134504,0.029451647467197327,0.5655500739773215,0.05175491695067658,0.585082411777545
177,tiiuae/Falcon3-7B-Base,20,no_context,0.41434157008556216,0.4490906454568459,,,,
178,tiiuae/Falcon3-7B-Base,20,no_context,0.41434157008556216,0.4490906454568459,-0.03767862732860747,0.5992190870791274,,
179,tiiuae/Falcon3-7B-Base,20,no_context,0.41434157008556216,0.4490906454568459,-0.03767862732860747,0.5992190870791274,0.057081525885818996,0.54387160364491
180,tiiuae/Falcon3-7B-Base,21,standard,0.5951815449327806,0.37943802430135326,,,,
181,tiiuae/Falcon3-7B-Base,21,standard,0.5951815449327806,0.37943802430135326,-0.017127777788411597,0.49214493721670133,,
182,tiiuae/Falcon3-7B-Base,21,standard,0.5951815449327806,0.37943802430135326,-0.017127777788411597,0.49214493721670133,0.1449137674618944,0.5382511362870364
183,tiiuae/Falcon3-7B-Base,21,context,0.6365854784933219,0.39655885889919124,,,,
184,tiiuae/Falcon3-7B-Base,21,context,0.6365854784933219,0.39655885889919124,-0.027478761178546907,0.5608939833348503,,
185,tiiuae/Falcon3-7B-Base,21,context,0.6365854784933219,0.39655885889919124,-0.027478761178546907,0.5608939833348503,0.05175491695067658,0.58324829312101
186,tiiuae/Falcon3-7B-Base,21,no_context,0.4246925534756974,0.4812161760908872,,,,
187,tiiuae/Falcon3-7B-Base,21,no_context,0.4246925534756974,0.4812161760908872,-0.027478761178546918,0.5551337578572068,,
188,tiiuae/Falcon3-7B-Base,21,no_context,0.4246925534756974,0.4812161760908872,-0.027478761178546918,0.5551337578572068,0.06758362651602907,0.6064011620976073
189,tiiuae/Falcon3-7B-Base,22,standard,0.6055325283229159,0.42775368412874526,,,,
190,tiiuae/Falcon3-7B-Base,22,standard,0.6055325283229159,0.42775368412874526,-0.006776794398276284,0.45859701036403017,,
191,tiiuae/Falcon3-7B-Base,22,standard,0.6055325283229159,0.42775368412874526,-0.006776794398276284,0.45859701036403017,0.1345627840717591,0.5584736852734041
192,tiiuae/Falcon3-7B-Base,22,context,0.6365854784933219,0.37432081351238206,,,,
193,tiiuae/Falcon3-7B-Base,22,context,0.6365854784933219,0.37432081351238206,-0.037829744568682225,0.5185808068980293,,
194,tiiuae/Falcon3-7B-Base,22,context,0.6365854784933219,0.37432081351238206,-0.037829744568682225,0.5185808068980293,0.08280786712108253,0.5978533025990335
195,tiiuae/Falcon3-7B-Base,22,no_context,0.3781131282200885,0.47437818662781206,,,,
196,tiiuae/Falcon3-7B-Base,22,no_context,0.3781131282200885,0.47437818662781206,-0.027327643938472156,0.5853149032881582,,
197,tiiuae/Falcon3-7B-Base,22,no_context,0.3781131282200885,0.47437818662781206,-0.027327643938472156,0.5853149032881582,0.0933099677512926,0.5873591140944775
198,tiiuae/Falcon3-7B-Base,23,standard,0.6003570366278483,0.4030242814379445,,,,
199,tiiuae/Falcon3-7B-Base,23,standard,0.6003570366278483,0.4030242814379445,-0.022303269483479254,0.48203703906182377,,
200,tiiuae/Falcon3-7B-Base,23,standard,0.6003570366278483,0.4030242814379445,-0.022303269483479254,0.48203703906182377,0.1449137674618944,0.5461553938996798
201,tiiuae/Falcon3-7B-Base,23,context,0.6210590034081189,0.38729833462074176,,,,
202,tiiuae/Falcon3-7B-Base,23,context,0.6210590034081189,0.38729833462074176,-0.02230326948347925,0.538717783152397,,
203,tiiuae/Falcon3-7B-Base,23,context,0.6210590034081189,0.38729833462074176,-0.02230326948347925,0.538717783152397,0.0724568837309472,0.6115845929106737
204,tiiuae/Falcon3-7B-Base,23,no_context,0.3832886199151562,0.4891914975124701,,,,
205,tiiuae/Falcon3-7B-Base,23,no_context,0.3832886199151562,0.4891914975124701,0.024578390252279193,0.6365981835274287,,
206,tiiuae/Falcon3-7B-Base,23,no_context,0.3832886199151562,0.4891914975124701,0.024578390252279193,0.6365981835274287,0.07763237542601487,0.5548889850360033
207,tiiuae/Falcon3-7B-Base,24,standard,0.5951815449327806,0.40405312592706,,,,
208,tiiuae/Falcon3-7B-Base,24,standard,0.5951815449327806,0.40405312592706,-0.0171277777884116,0.4698702669880905,,
209,tiiuae/Falcon3-7B-Base,24,standard,0.5951815449327806,0.40405312592706,-0.0171277777884116,0.4698702669880905,0.15526475085202973,0.5393448406565666
210,tiiuae/Falcon3-7B-Base,24,context,0.6262344951031865,0.3830912796859629,,,,
211,tiiuae/Falcon3-7B-Base,24,context,0.6262344951031865,0.3830912796859629,-0.01712777778841159,0.5359166345879095,,
212,tiiuae/Falcon3-7B-Base,24,context,0.6262344951031865,0.3830912796859629,-0.01712777778841159,0.5359166345879095,0.0724568837309472,0.5974051030438703
213,tiiuae/Falcon3-7B-Base,24,no_context,0.36776214482995323,0.504166418892925,,,,
214,tiiuae/Falcon3-7B-Base,24,no_context,0.36776214482995323,0.504166418892925,0.026765810424010862,0.621175676958175,,
215,tiiuae/Falcon3-7B-Base,24,no_context,0.36776214482995323,0.504166418892925,0.026765810424010862,0.621175676958175,0.04140393356054126,0.5500649312321488
216,tiiuae/Falcon3-7B-Base,25,standard,0.5900060532377129,0.42058632543493046,,,,
217,tiiuae/Falcon3-7B-Base,25,standard,0.5900060532377129,0.42058632543493046,-0.011952286093343933,0.4955516406707062,,
218,tiiuae/Falcon3-7B-Base,25,standard,0.5900060532377129,0.42058632543493046,-0.011952286093343933,0.4955516406707062,0.15526475085202973,0.5353570237300926
219,tiiuae/Falcon3-7B-Base,25,context,0.5951815449327806,0.4145242539862501,,,,
220,tiiuae/Falcon3-7B-Base,25,context,0.5951815449327806,0.4145242539862501,-0.01712777778841159,0.5555494673353601,,
221,tiiuae/Falcon3-7B-Base,25,context,0.5951815449327806,0.4145242539862501,-0.01712777778841159,0.5555494673353601,0.08280786712108253,0.6085110634045321
222,tiiuae/Falcon3-7B-Base,25,no_context,0.36776214482995323,0.5229431061071851,,,,
223,tiiuae/Falcon3-7B-Base,25,no_context,0.36776214482995323,0.5229431061071851,0.0008883519486725721,0.6379122070787321,,
224,tiiuae/Falcon3-7B-Base,25,no_context,0.36776214482995323,0.5229431061071851,0.0008883519486725721,0.6379122070787321,0.0362284418654736,0.5316164702382457
225,tiiuae/Falcon3-7B-Base,26,standard,0.57447957815251,0.4280040887655165,,,,
226,tiiuae/Falcon3-7B-Base,26,standard,0.57447957815251,0.4280040887655165,-0.011952286093343936,0.5125566170817482,,
227,tiiuae/Falcon3-7B-Base,26,standard,0.57447957815251,0.4280040887655165,-0.011952286093343936,0.5125566170817482,0.15008925915696208,0.5358321298957086
228,tiiuae/Falcon3-7B-Base,26,context,0.5900060532377129,0.4306556463281142,,,,
229,tiiuae/Falcon3-7B-Base,26,context,0.5900060532377129,0.4306556463281142,-0.011952286093343933,0.526986039392208,,
230,tiiuae/Falcon3-7B-Base,26,context,0.5900060532377129,0.4306556463281142,-0.011952286093343933,0.526986039392208,0.10350983390135315,0.5982116204631459
231,tiiuae/Falcon3-7B-Base,26,no_context,0.33670919465954724,0.5493395826401449,,,,
232,tiiuae/Falcon3-7B-Base,26,no_context,0.33670919465954724,0.5493395826401449,0.024578390252279193,0.6160705816350398,,
233,tiiuae/Falcon3-7B-Base,26,no_context,0.33670919465954724,0.5493395826401449,0.024578390252279193,0.6160705816350398,0.06210590034081189,0.5220837371259793
234,tiiuae/Falcon3-7B-Base,27,standard,0.5848305615426452,0.3979074730924982,,,,
235,tiiuae/Falcon3-7B-Base,27,standard,0.5848305615426452,0.3979074730924982,-0.030466832701882895,0.4445708050204648,,
236,tiiuae/Falcon3-7B-Base,27,standard,0.5848305615426452,0.3979074730924982,-0.030466832701882895,0.4445708050204648,0.15008925915696208,0.5515967082673977
237,tiiuae/Falcon3-7B-Base,27,context,0.6417609701883895,0.3668397859712447,,,,
238,tiiuae/Falcon3-7B-Base,27,context,0.6417609701883895,0.3668397859712447,-0.07405818643415582,0.5239421580881652,,
239,tiiuae/Falcon3-7B-Base,27,context,0.6417609701883895,0.3668397859712447,-0.07405818643415582,0.5239421580881652,0.10350983390135315,0.5873670062235365
240,tiiuae/Falcon3-7B-Base,27,no_context,0.42469255347569745,0.4294486593164293,,,,
241,tiiuae/Falcon3-7B-Base,27,no_context,0.42469255347569745,0.4294486593164293,-0.033953321096673664,0.5898498132903045,,
242,tiiuae/Falcon3-7B-Base,27,no_context,0.42469255347569745,0.4294486593164293,-0.033953321096673664,0.5898498132903045,-0.031052950170405953,0.5248469164568711
243,tiiuae/Falcon3-7B-Base,28,standard,0.005175491695067658,0.5486753528792258,,,,
244,tiiuae/Falcon3-7B-Base,28,standard,0.005175491695067658,0.5486753528792258,0.2116090420292509,0.6993927256985408,,
245,tiiuae/Falcon3-7B-Base,28,standard,0.005175491695067658,0.5486753528792258,0.2116090420292509,0.6993927256985408,-0.04657942525560892,0.5772239600016618
246,tiiuae/Falcon3-7B-Base,28,context,0.010350983390135316,0.6052449327102447,,,,
247,tiiuae/Falcon3-7B-Base,28,context,0.010350983390135316,0.6052449327102447,0.23449842898125323,0.6905043092487103,,
248,tiiuae/Falcon3-7B-Base,28,context,0.010350983390135316,0.6052449327102447,0.23449842898125323,0.6905043092487103,-0.02587745847533829,0.617924232526009
249,tiiuae/Falcon3-7B-Base,28,no_context,0.0,0.5457628998540878,,,,
250,tiiuae/Falcon3-7B-Base,28,no_context,0.0,0.5457628998540878,0.20892320498606445,0.7327040985957588,,
251,tiiuae/Falcon3-7B-Base,28,no_context,0.0,0.5457628998540878,0.20892320498606445,0.7327040985957588,-0.041706168040690786,0.6269374063762254
