,model,layer,representation,same_relation_group_rdm_corr,same_relation_group_rdm_std,same_head_rdm_corr,same_head_rdm_std,same_modifier_rdm_corr,same_modifier_rdm_std
0,meta-llama/Llama-3.2-3B,1,standard,0.20351582771280868,0.1628073761621513,,,,
1,meta-llama/Llama-3.2-3B,1,standard,0.20351582771280868,0.1628073761621513,0.4332758940687311,0.23995663155070474,,
2,meta-llama/Llama-3.2-3B,1,standard,0.20351582771280868,0.1628073761621513,0.4332758940687311,0.23995663155070474,0.33266712627961054,0.2353195016285497
3,meta-llama/Llama-3.2-3B,1,context,0.2039224527432039,0.15531146701294882,,,,
4,meta-llama/Llama-3.2-3B,1,context,0.2039224527432039,0.15531146701294882,0.4377406308724961,0.2528747079001012,,
5,meta-llama/Llama-3.2-3B,1,context,0.2039224527432039,0.15531146701294882,0.4377406308724961,0.2528747079001012,0.3390422798248242,0.24933617450814521
6,meta-llama/Llama-3.2-3B,1,no_context,0.19951000057279683,0.15947518556895182,,,,
7,meta-llama/Llama-3.2-3B,1,no_context,0.19951000057279683,0.15947518556895182,0.42396410767915416,0.25337973947234005,,
8,meta-llama/Llama-3.2-3B,1,no_context,0.19951000057279683,0.15947518556895182,0.42396410767915416,0.25337973947234005,0.342099206820495,0.2371571923635503
9,meta-llama/Llama-3.2-3B,2,standard,0.2325895173860671,0.15853996541856766,,,,
10,meta-llama/Llama-3.2-3B,2,standard,0.2325895173860671,0.15853996541856766,0.3814628797565288,0.22748584294152735,,
11,meta-llama/Llama-3.2-3B,2,standard,0.2325895173860671,0.15853996541856766,0.3814628797565288,0.22748584294152735,0.39248557207542467,0.20545765432766888
12,meta-llama/Llama-3.2-3B,2,context,0.220594078989408,0.14344342740285929,,,,
13,meta-llama/Llama-3.2-3B,2,context,0.220594078989408,0.14344342740285929,0.39021054705961516,0.2394604920599356,,
14,meta-llama/Llama-3.2-3B,2,context,0.220594078989408,0.14344342740285929,0.39021054705961516,0.2394604920599356,0.39102915875877076,0.20460572227555723
15,meta-llama/Llama-3.2-3B,2,no_context,0.21231052373782192,0.1276485116136084,,,,
16,meta-llama/Llama-3.2-3B,2,no_context,0.21231052373782192,0.1276485116136084,0.38417542164526275,0.24227545207200724,,
17,meta-llama/Llama-3.2-3B,2,no_context,0.21231052373782192,0.1276485116136084,0.38417542164526275,0.24227545207200724,0.3997508353810887,0.2094161655358841
18,meta-llama/Llama-3.2-3B,3,standard,0.31554102358669234,0.1714029412057105,,,,
19,meta-llama/Llama-3.2-3B,3,standard,0.31554102358669234,0.1714029412057105,0.3682139670804768,0.22959867051583693,,
20,meta-llama/Llama-3.2-3B,3,standard,0.31554102358669234,0.1714029412057105,0.3682139670804768,0.22959867051583693,0.379478256616265,0.19824232004330355
21,meta-llama/Llama-3.2-3B,3,context,0.31208471082833295,0.15230468779154638,,,,
22,meta-llama/Llama-3.2-3B,3,context,0.31208471082833295,0.15230468779154638,0.38573591535610297,0.23359906342707581,,
23,meta-llama/Llama-3.2-3B,3,context,0.31208471082833295,0.15230468779154638,0.38573591535610297,0.23359906342707581,0.3771131067252133,0.1940528586113146
24,meta-llama/Llama-3.2-3B,3,no_context,0.281036686108554,0.15159437102351037,,,,
25,meta-llama/Llama-3.2-3B,3,no_context,0.281036686108554,0.15159437102351037,0.3889388035423186,0.2532420784851927,,
26,meta-llama/Llama-3.2-3B,3,no_context,0.281036686108554,0.15159437102351037,0.3889388035423186,0.2532420784851927,0.3785251383887,0.2017275879844087
27,meta-llama/Llama-3.2-3B,4,standard,0.42756621946057594,0.17174685578940002,,,,
28,meta-llama/Llama-3.2-3B,4,standard,0.42756621946057594,0.17174685578940002,0.36064988042365054,0.19453902520218583,,
29,meta-llama/Llama-3.2-3B,4,standard,0.42756621946057594,0.17174685578940002,0.36064988042365054,0.19453902520218583,0.3645496819526298,0.1875134436864234
30,meta-llama/Llama-3.2-3B,4,context,0.4531835963754752,0.1547205569002168,,,,
31,meta-llama/Llama-3.2-3B,4,context,0.4531835963754752,0.1547205569002168,0.36422205410732184,0.20512421821636803,,
32,meta-llama/Llama-3.2-3B,4,context,0.4531835963754752,0.1547205569002168,0.36422205410732184,0.20512421821636803,0.3608232297111085,0.19691712739119505
33,meta-llama/Llama-3.2-3B,4,no_context,0.3898807363126104,0.16208177322475645,,,,
34,meta-llama/Llama-3.2-3B,4,no_context,0.3898807363126104,0.16208177322475645,0.3641040271149595,0.22124890657205962,,
35,meta-llama/Llama-3.2-3B,4,no_context,0.3898807363126104,0.16208177322475645,0.3641040271149595,0.22124890657205962,0.35294149453967155,0.19033277127981502
36,meta-llama/Llama-3.2-3B,5,standard,0.44932065858672043,0.19009665809263826,,,,
37,meta-llama/Llama-3.2-3B,5,standard,0.44932065858672043,0.19009665809263826,0.32219401924195135,0.19878450911128123,,
38,meta-llama/Llama-3.2-3B,5,standard,0.44932065858672043,0.19009665809263826,0.32219401924195135,0.19878450911128123,0.3516627129148719,0.1921576906430328
39,meta-llama/Llama-3.2-3B,5,context,0.49526928702138057,0.1855547238836984,,,,
40,meta-llama/Llama-3.2-3B,5,context,0.49526928702138057,0.1855547238836984,0.28701912631493753,0.1956796581165543,,
41,meta-llama/Llama-3.2-3B,5,context,0.49526928702138057,0.1855547238836984,0.28701912631493753,0.1956796581165543,0.33651560511000456,0.18654446085351112
42,meta-llama/Llama-3.2-3B,5,no_context,0.42302067628982093,0.1849423758250993,,,,
43,meta-llama/Llama-3.2-3B,5,no_context,0.42302067628982093,0.1849423758250993,0.33050840158358435,0.21811290633508798,,
44,meta-llama/Llama-3.2-3B,5,no_context,0.42302067628982093,0.1849423758250993,0.33050840158358435,0.21811290633508798,0.3337915354591409,0.1631823914531099
45,meta-llama/Llama-3.2-3B,6,standard,0.4710750977128648,0.20177279363512501,,,,
46,meta-llama/Llama-3.2-3B,6,standard,0.4710750977128648,0.20177279363512501,0.3108928942661506,0.20242018611217447,,
47,meta-llama/Llama-3.2-3B,6,standard,0.4710750977128648,0.20177279363512501,0.3108928942661506,0.20242018611217447,0.3269379056203959,0.1874515412819371
48,meta-llama/Llama-3.2-3B,6,context,0.5426411030624239,0.18408025606947415,,,,
49,meta-llama/Llama-3.2-3B,6,context,0.5426411030624239,0.18408025606947415,0.27020190885313883,0.19842079751236513,,
50,meta-llama/Llama-3.2-3B,6,context,0.5426411030624239,0.18408025606947415,0.27020190885313883,0.19842079751236513,0.2802185170346381,0.1759294802121156
51,meta-llama/Llama-3.2-3B,6,no_context,0.4301366143217373,0.19479689253174476,,,,
52,meta-llama/Llama-3.2-3B,6,no_context,0.4301366143217373,0.19479689253174476,0.318937909585219,0.21696689809896172,,
53,meta-llama/Llama-3.2-3B,6,no_context,0.4301366143217373,0.19479689253174476,0.318937909585219,0.21696689809896172,0.3114314692958546,0.17188329539011984
54,meta-llama/Llama-3.2-3B,7,standard,0.48998316162624267,0.20055932041491115,,,,
55,meta-llama/Llama-3.2-3B,7,standard,0.48998316162624267,0.20055932041491115,0.2791310947812466,0.1884803486123634,,
56,meta-llama/Llama-3.2-3B,7,standard,0.48998316162624267,0.20055932041491115,0.2791310947812466,0.1884803486123634,0.3159371442404307,0.18544497739131288
57,meta-llama/Llama-3.2-3B,7,context,0.5428444155776215,0.18442809857766668,,,,
58,meta-llama/Llama-3.2-3B,7,context,0.5428444155776215,0.18442809857766668,0.26079831179682617,0.17319076929677513,,
59,meta-llama/Llama-3.2-3B,7,context,0.5428444155776215,0.18442809857766668,0.26079831179682617,0.17319076929677513,0.27470014217000266,0.18439264971349015
60,meta-llama/Llama-3.2-3B,7,no_context,0.43765917738404897,0.19511423957772642,,,,
61,meta-llama/Llama-3.2-3B,7,no_context,0.43765917738404897,0.19511423957772642,0.29838241586185316,0.22297598263182114,,
62,meta-llama/Llama-3.2-3B,7,no_context,0.43765917738404897,0.19511423957772642,0.29838241586185316,0.22297598263182114,0.31205069717213557,0.17548009137375456
63,meta-llama/Llama-3.2-3B,8,standard,0.4794109108359669,0.21022907322136306,,,,
64,meta-llama/Llama-3.2-3B,8,standard,0.4794109108359669,0.21022907322136306,0.2517087313863333,0.18645913718995105,,
65,meta-llama/Llama-3.2-3B,8,standard,0.4794109108359669,0.21022907322136306,0.2517087313863333,0.18645913718995105,0.2989598157343498,0.17887514612306626
66,meta-llama/Llama-3.2-3B,8,context,0.5432510406080168,0.1841988946878694,,,,
67,meta-llama/Llama-3.2-3B,8,context,0.5432510406080168,0.1841988946878694,0.2448413373877374,0.1658081904056206,,
68,meta-llama/Llama-3.2-3B,8,context,0.5432510406080168,0.1841988946878694,0.2448413373877374,0.1658081904056206,0.2668623203180597,0.18698591164901365
69,meta-llama/Llama-3.2-3B,8,no_context,0.43582936474727046,0.19667430865231067,,,,
70,meta-llama/Llama-3.2-3B,8,no_context,0.43582936474727046,0.19667430865231067,0.29762937846813514,0.2366184849075327,,
71,meta-llama/Llama-3.2-3B,8,no_context,0.43582936474727046,0.19667430865231067,0.29762937846813514,0.2366184849075327,0.2931363876274189,0.1639997403497268
72,meta-llama/Llama-3.2-3B,9,standard,0.48368047365511674,0.20922813790328532,,,,
73,meta-llama/Llama-3.2-3B,9,standard,0.48368047365511674,0.20922813790328532,0.23671499835643242,0.17988679234128283,,
74,meta-llama/Llama-3.2-3B,9,standard,0.48368047365511674,0.20922813790328532,0.23671499835643242,0.17988679234128283,0.3039080323019365,0.18109455807971936
75,meta-llama/Llama-3.2-3B,9,context,0.5367450401216931,0.19084537634419566,,,,
76,meta-llama/Llama-3.2-3B,9,context,0.5367450401216931,0.19084537634419566,0.2526652226025942,0.18516427007181743,,
77,meta-llama/Llama-3.2-3B,9,context,0.5367450401216931,0.19084537634419566,0.2526652226025942,0.18516427007181743,0.2689255670936096,0.1946359238389609
78,meta-llama/Llama-3.2-3B,9,no_context,0.4148881756819165,0.20257793042111524,,,,
79,meta-llama/Llama-3.2-3B,9,no_context,0.4148881756819165,0.20257793042111524,0.2883178348844596,0.22906899046298415,,
80,meta-llama/Llama-3.2-3B,9,no_context,0.4148881756819165,0.20257793042111524,0.2883178348844596,0.22906899046298415,0.28930788693537013,0.17633318205889542
81,meta-llama/Llama-3.2-3B,10,standard,0.47310822286484094,0.21527243336940072,,,,
82,meta-llama/Llama-3.2-3B,10,standard,0.47310822286484094,0.21527243336940072,0.24172461357124328,0.17900365875632962,,
83,meta-llama/Llama-3.2-3B,10,standard,0.47310822286484094,0.21527243336940072,0.24172461357124328,0.17900365875632962,0.3016768306544063,0.1717327953660672
84,meta-llama/Llama-3.2-3B,10,context,0.5357284775457052,0.19424752642225337,,,,
85,meta-llama/Llama-3.2-3B,10,context,0.5357284775457052,0.19424752642225337,0.24200374699385413,0.1677234051642622,,
86,meta-llama/Llama-3.2-3B,10,context,0.5357284775457052,0.19424752642225337,0.24200374699385413,0.1677234051642622,0.25770728794682174,0.1876497156861239
87,meta-llama/Llama-3.2-3B,10,no_context,0.3988264869813053,0.20224919741821018,,,,
88,meta-llama/Llama-3.2-3B,10,no_context,0.3988264869813053,0.20224919741821018,0.29266285286845745,0.2343856304809301,,
89,meta-llama/Llama-3.2-3B,10,no_context,0.3988264869813053,0.20224919741821018,0.29266285286845745,0.2343856304809301,0.29802664354732394,0.18210912599568801
90,meta-llama/Llama-3.2-3B,11,standard,0.4688386600456912,0.222380028294195,,,,
91,meta-llama/Llama-3.2-3B,11,standard,0.4688386600456912,0.222380028294195,0.237865642607371,0.18406348540448195,,
92,meta-llama/Llama-3.2-3B,11,standard,0.4688386600456912,0.222380028294195,0.237865642607371,0.18406348540448195,0.3062967058089187,0.1794862627608564
93,meta-llama/Llama-3.2-3B,11,context,0.5467073533663761,0.1852754946790628,,,,
94,meta-llama/Llama-3.2-3B,11,context,0.5467073533663761,0.1852754946790628,0.22827860640464545,0.1747799818469435,,
95,meta-llama/Llama-3.2-3B,11,context,0.5467073533663761,0.1852754946790628,0.22827860640464545,0.1747799818469435,0.2345508681469731,0.1977122381422995
96,meta-llama/Llama-3.2-3B,11,no_context,0.3908972988885984,0.19786126412395807,,,,
97,meta-llama/Llama-3.2-3B,11,no_context,0.3908972988885984,0.19786126412395807,0.2930809508755642,0.2336926155020205,,
98,meta-llama/Llama-3.2-3B,11,no_context,0.3908972988885984,0.19786126412395807,0.2930809508755642,0.2336926155020205,0.3220135737426105,0.19179167296680238
99,meta-llama/Llama-3.2-3B,12,standard,0.47229497280405053,0.22583170429331034,,,,
100,meta-llama/Llama-3.2-3B,12,standard,0.47229497280405053,0.22583170429331034,0.22288557064417797,0.18679350662127547,,
101,meta-llama/Llama-3.2-3B,12,standard,0.47229497280405053,0.22583170429331034,0.22288557064417797,0.18679350662127547,0.3260581060659639,0.18853390965623976
102,meta-llama/Llama-3.2-3B,12,context,0.547317290911969,0.183100501503392,,,,
103,meta-llama/Llama-3.2-3B,12,context,0.547317290911969,0.183100501503392,0.21874196238035443,0.17133227379343455,,
104,meta-llama/Llama-3.2-3B,12,context,0.547317290911969,0.183100501503392,0.21874196238035443,0.17133227379343455,0.24750576771479343,0.20328274889774633
105,meta-llama/Llama-3.2-3B,12,no_context,0.36243354676093287,0.19733618529375538,,,,
106,meta-llama/Llama-3.2-3B,12,no_context,0.36243354676093287,0.19733618529375538,0.28513223640981317,0.23557478295249282,,
107,meta-llama/Llama-3.2-3B,12,no_context,0.36243354676093287,0.19733618529375538,0.28513223640981317,0.23557478295249282,0.3233933702962768,0.19122341745507043
108,meta-llama/Llama-3.2-3B,13,standard,0.46233265955936764,0.22169493494415737,,,,
109,meta-llama/Llama-3.2-3B,13,standard,0.46233265955936764,0.22169493494415737,0.26632656939382887,0.18990279113324587,,
110,meta-llama/Llama-3.2-3B,13,standard,0.46233265955936764,0.22169493494415737,0.26632656939382887,0.18990279113324587,0.3311125229219993,0.18997012954995274
111,meta-llama/Llama-3.2-3B,13,context,0.5328821023329386,0.18744476699711618,,,,
112,meta-llama/Llama-3.2-3B,13,context,0.5328821023329386,0.18744476699711618,0.23258926960615836,0.17317409794770938,,
113,meta-llama/Llama-3.2-3B,13,context,0.5328821023329386,0.18744476699711618,0.23258926960615836,0.17317409794770938,0.2395597497830621,0.18796987032764362
114,meta-llama/Llama-3.2-3B,13,no_context,0.3477950456667048,0.19617613884089152,,,,
115,meta-llama/Llama-3.2-3B,13,no_context,0.3477950456667048,0.19617613884089152,0.31877017300531757,0.22004627882597258,,
116,meta-llama/Llama-3.2-3B,13,no_context,0.3477950456667048,0.19617613884089152,0.31877017300531757,0.22004627882597258,0.3321458716182118,0.18729393615589057
117,meta-llama/Llama-3.2-3B,14,standard,0.4897798491110451,0.2032432754961195,,,,
118,meta-llama/Llama-3.2-3B,14,standard,0.4897798491110451,0.2032432754961195,0.2695915175996645,0.19473035804759248,,
119,meta-llama/Llama-3.2-3B,14,standard,0.4897798491110451,0.2032432754961195,0.2695915175996645,0.19473035804759248,0.3146277712930571,0.18689641138349025
120,meta-llama/Llama-3.2-3B,14,context,0.561345854460604,0.1746925445433995,,,,
121,meta-llama/Llama-3.2-3B,14,context,0.561345854460604,0.1746925445433995,0.22797721160788997,0.15983401735614766,,
122,meta-llama/Llama-3.2-3B,14,context,0.561345854460604,0.1746925445433995,0.22797721160788997,0.15983401735614766,0.2647983370390173,0.17858269680799463
123,meta-llama/Llama-3.2-3B,14,no_context,0.3642633593977114,0.18689119588215675,,,,
124,meta-llama/Llama-3.2-3B,14,no_context,0.3642633593977114,0.18689119588215675,0.3135165320853584,0.2030032416501222,,
125,meta-llama/Llama-3.2-3B,14,no_context,0.3642633593977114,0.18689119588215675,0.3135165320853584,0.2030032416501222,0.350443438617195,0.18497177202880685
126,meta-llama/Llama-3.2-3B,15,standard,0.4985222872645423,0.20128719380908064,,,,
127,meta-llama/Llama-3.2-3B,15,standard,0.4985222872645423,0.20128719380908064,0.26285879438751764,0.1923492765447095,,
128,meta-llama/Llama-3.2-3B,15,standard,0.4985222872645423,0.20128719380908064,0.26285879438751764,0.1923492765447095,0.32604891721164175,0.17446958727553127
129,meta-llama/Llama-3.2-3B,15,context,0.5599226668542208,0.17727685504129784,,,,
130,meta-llama/Llama-3.2-3B,15,context,0.5599226668542208,0.17727685504129784,0.22525183666336335,0.15924846996563038,,
131,meta-llama/Llama-3.2-3B,15,context,0.5599226668542208,0.17727685504129784,0.22525183666336335,0.15924846996563038,0.2822440774676941,0.1765074430780727
132,meta-llama/Llama-3.2-3B,15,no_context,0.36446667191290893,0.18927091500945675,,,,
133,meta-llama/Llama-3.2-3B,15,no_context,0.36446667191290893,0.18927091500945675,0.3125121786148181,0.21566088891532487,,
134,meta-llama/Llama-3.2-3B,15,no_context,0.36446667191290893,0.18927091500945675,0.3125121786148181,0.21566088891532487,0.3572508916322197,0.1845882680243815
135,meta-llama/Llama-3.2-3B,16,standard,0.4893732240806498,0.2035879187835152,,,,
136,meta-llama/Llama-3.2-3B,16,standard,0.4893732240806498,0.2035879187835152,0.2676534282534534,0.18554296824047659,,
137,meta-llama/Llama-3.2-3B,16,standard,0.4893732240806498,0.2035879187835152,0.2676534282534534,0.18554296824047659,0.33519353924450945,0.17509246819453197
138,meta-llama/Llama-3.2-3B,16,context,0.5515868537311188,0.1863291263332328,,,,
139,meta-llama/Llama-3.2-3B,16,context,0.5515868537311188,0.1863291263332328,0.22959520912667614,0.16224658436884443,,
140,meta-llama/Llama-3.2-3B,16,context,0.5515868537311188,0.1863291263332328,0.22959520912667614,0.16224658436884443,0.3030551586456035,0.17412807392559307
141,meta-llama/Llama-3.2-3B,16,no_context,0.3732091100664062,0.1886259566180838,,,,
142,meta-llama/Llama-3.2-3B,16,no_context,0.3732091100664062,0.1886259566180838,0.31450739141033174,0.21050171613256932,,
143,meta-llama/Llama-3.2-3B,16,no_context,0.3732091100664062,0.1886259566180838,0.31450739141033174,0.21050171613256932,0.3516071273537515,0.19367176995879362
144,meta-llama/Llama-3.2-3B,17,standard,0.45928297183140343,0.2112571615203868,,,,
145,meta-llama/Llama-3.2-3B,17,standard,0.45928297183140343,0.2112571615203868,0.2948456712833227,0.2075329470648007,,
146,meta-llama/Llama-3.2-3B,17,standard,0.45928297183140343,0.2112571615203868,0.2948456712833227,0.2075329470648007,0.3559806515912108,0.183150538114053
147,meta-llama/Llama-3.2-3B,17,context,0.5367450401216932,0.18828100129788838,,,,
148,meta-llama/Llama-3.2-3B,17,context,0.5367450401216932,0.18828100129788838,0.2502713124792417,0.18006913495055016,,
149,meta-llama/Llama-3.2-3B,17,context,0.5367450401216932,0.18828100129788838,0.2502713124792417,0.18006913495055016,0.32087022631190704,0.17732412081494128
150,meta-llama/Llama-3.2-3B,17,no_context,0.3496248583034834,0.18094110551599163,,,,
151,meta-llama/Llama-3.2-3B,17,no_context,0.3496248583034834,0.18094110551599163,0.3298361658882535,0.22539322080954746,,
152,meta-llama/Llama-3.2-3B,17,no_context,0.3496248583034834,0.18094110551599163,0.3298361658882535,0.22539322080954746,0.3672070022766819,0.19926971124089574
153,meta-llama/Llama-3.2-3B,18,standard,0.45115047122349894,0.21538838044615344,,,,
154,meta-llama/Llama-3.2-3B,18,standard,0.45115047122349894,0.21538838044615344,0.29607074956596124,0.20982546914803382,,
155,meta-llama/Llama-3.2-3B,18,standard,0.45115047122349894,0.21538838044615344,0.29607074956596124,0.20982546914803382,0.3527398429005843,0.1882952434811328
156,meta-llama/Llama-3.2-3B,18,context,0.5361351025761004,0.19387434139494256,,,,
157,meta-llama/Llama-3.2-3B,18,context,0.5361351025761004,0.19387434139494256,0.23939637053736745,0.18331534881686576,,
158,meta-llama/Llama-3.2-3B,18,context,0.5361351025761004,0.19387434139494256,0.23939637053736745,0.18331534881686576,0.3199540227958983,0.17095062585268628
159,meta-llama/Llama-3.2-3B,18,no_context,0.343525482847555,0.1838193618488655,,,,
160,meta-llama/Llama-3.2-3B,18,no_context,0.343525482847555,0.1838193618488655,0.3356758484075578,0.23397841849757403,,
161,meta-llama/Llama-3.2-3B,18,no_context,0.343525482847555,0.1838193618488655,0.3356758484075578,0.23397841849757403,0.3694968752593484,0.20572343638026694
162,meta-llama/Llama-3.2-3B,19,standard,0.47534466053201463,0.20346656772033625,,,,
163,meta-llama/Llama-3.2-3B,19,standard,0.47534466053201463,0.20346656772033625,0.30080314974929295,0.200383940084617,,
164,meta-llama/Llama-3.2-3B,19,standard,0.47534466053201463,0.20346656772033625,0.30080314974929295,0.200383940084617,0.33835132964597553,0.16494436163065718
165,meta-llama/Llama-3.2-3B,19,context,0.5422344780320286,0.18748357511833785,,,,
166,meta-llama/Llama-3.2-3B,19,context,0.5422344780320286,0.18748357511833785,0.25990832383786416,0.18171450799758818,,
167,meta-llama/Llama-3.2-3B,19,context,0.5422344780320286,0.18748357511833785,0.25990832383786416,0.18171450799758818,0.3159879838327065,0.17692779449861848
168,meta-llama/Llama-3.2-3B,19,no_context,0.3597904840633639,0.18980877590582823,,,,
169,meta-llama/Llama-3.2-3B,19,no_context,0.3597904840633639,0.18980877590582823,0.34237746970735594,0.23274047380901172,,
170,meta-llama/Llama-3.2-3B,19,no_context,0.3597904840633639,0.18980877590582823,0.34237746970735594,0.23274047380901172,0.3634659516203437,0.2002136303777958
171,meta-llama/Llama-3.2-3B,20,standard,0.48042747341195485,0.18897687755734233,,,,
172,meta-llama/Llama-3.2-3B,20,standard,0.48042747341195485,0.18897687755734233,0.3069562478593307,0.18507873540512673,,
173,meta-llama/Llama-3.2-3B,20,standard,0.48042747341195485,0.18897687755734233,0.3069562478593307,0.18507873540512673,0.3499914605682807,0.1690018356585972
174,meta-llama/Llama-3.2-3B,20,context,0.5397947278496573,0.1794196948999452,,,,
175,meta-llama/Llama-3.2-3B,20,context,0.5397947278496573,0.1794196948999452,0.26772497321841343,0.19428143559442188,,
176,meta-llama/Llama-3.2-3B,20,context,0.5397947278496573,0.1794196948999452,0.26772497321841343,0.19428143559442188,0.324819802036253,0.19195723534782427
177,meta-llama/Llama-3.2-3B,20,no_context,0.3626368592761305,0.1900366524400484,,,,
178,meta-llama/Llama-3.2-3B,20,no_context,0.3626368592761305,0.1900366524400484,0.34774116513344905,0.22503933183536323,,
179,meta-llama/Llama-3.2-3B,20,no_context,0.3626368592761305,0.1900366524400484,0.34774116513344905,0.22503933183536323,0.357843495419916,0.20367698731996695
180,meta-llama/Llama-3.2-3B,21,standard,0.478800973290374,0.19307785785304768,,,,
181,meta-llama/Llama-3.2-3B,21,standard,0.478800973290374,0.19307785785304768,0.312262334548328,0.19361931861358309,,
182,meta-llama/Llama-3.2-3B,21,standard,0.478800973290374,0.19307785785304768,0.312262334548328,0.19361931861358309,0.3502234787117001,0.1746717523673068
183,meta-llama/Llama-3.2-3B,21,context,0.5385748527584717,0.18583687002827173,,,,
184,meta-llama/Llama-3.2-3B,21,context,0.5385748527584717,0.18583687002827173,0.2740469352727313,0.19100654784458682,,
185,meta-llama/Llama-3.2-3B,21,context,0.5385748527584717,0.18583687002827173,0.2740469352727313,0.19100654784458682,0.3224549521499527,0.188456402669322
186,meta-llama/Llama-3.2-3B,21,no_context,0.3658898595192922,0.1867395972467379,,,,
187,meta-llama/Llama-3.2-3B,21,no_context,0.3658898595192922,0.1867395972467379,0.34906602432781264,0.22758113246905595,,
188,meta-llama/Llama-3.2-3B,21,no_context,0.3658898595192922,0.1867395972467379,0.34906602432781264,0.22758113246905595,0.35513769991685373,0.18966159577011035
189,meta-llama/Llama-3.2-3B,22,standard,0.4706684726824696,0.19475757807997285,,,,
190,meta-llama/Llama-3.2-3B,22,standard,0.4706684726824696,0.19475757807997285,0.3183767566581985,0.2059831825688247,,
191,meta-llama/Llama-3.2-3B,22,standard,0.4706684726824696,0.19475757807997285,0.3183767566581985,0.2059831825688247,0.3570425409344088,0.18614371648200834
192,meta-llama/Llama-3.2-3B,22,context,0.5298324146049744,0.19140380525649606,,,,
193,meta-llama/Llama-3.2-3B,22,context,0.5298324146049744,0.19140380525649606,0.27711158580332274,0.20797975776968491,,
194,meta-llama/Llama-3.2-3B,22,context,0.5298324146049744,0.19140380525649606,0.27711158580332274,0.20797975776968491,0.33245719744431435,0.195797621306615
195,meta-llama/Llama-3.2-3B,22,no_context,0.3538944211226332,0.19184477133429714,,,,
196,meta-llama/Llama-3.2-3B,22,no_context,0.3538944211226332,0.19184477133429714,0.3569636489720598,0.23174419189874332,,
197,meta-llama/Llama-3.2-3B,22,no_context,0.3538944211226332,0.19184477133429714,0.3569636489720598,0.23174419189874332,0.359366609458794,0.19259621631159374
198,meta-llama/Llama-3.2-3B,23,standard,0.46416247219614604,0.19904191400744223,,,,
199,meta-llama/Llama-3.2-3B,23,standard,0.46416247219614604,0.19904191400744223,0.31968130683342766,0.20974531817833458,,
200,meta-llama/Llama-3.2-3B,23,standard,0.46416247219614604,0.19904191400744223,0.31968130683342766,0.20974531817833458,0.35840399503580134,0.19294635032658533
201,meta-llama/Llama-3.2-3B,23,context,0.5284092269985912,0.19224797544017613,,,,
202,meta-llama/Llama-3.2-3B,23,context,0.5284092269985912,0.19224797544017613,0.2754842439178183,0.21013099124699935,,
203,meta-llama/Llama-3.2-3B,23,context,0.5284092269985912,0.19224797544017613,0.2754842439178183,0.21013099124699935,0.3327658023312439,0.19754899479872595
204,meta-llama/Llama-3.2-3B,23,no_context,0.3506414208794714,0.19186249931553817,,,,
205,meta-llama/Llama-3.2-3B,23,no_context,0.3506414208794714,0.19186249931553817,0.35326343079671635,0.23540661264772023,,
206,meta-llama/Llama-3.2-3B,23,no_context,0.3506414208794714,0.19186249931553817,0.35326343079671635,0.23540661264772023,0.3622542103649883,0.19599245585790884
207,meta-llama/Llama-3.2-3B,24,standard,0.4637558471657508,0.19820196646497232,,,,
208,meta-llama/Llama-3.2-3B,24,standard,0.4637558471657508,0.19820196646497232,0.32569803131426617,0.21357008303875696,,
209,meta-llama/Llama-3.2-3B,24,standard,0.4637558471657508,0.19820196646497232,0.32569803131426617,0.21357008303875696,0.36311127163012075,0.19683129873262226
210,meta-llama/Llama-3.2-3B,24,context,0.5225131640578604,0.19201788042293458,,,,
211,meta-llama/Llama-3.2-3B,24,context,0.5225131640578604,0.19201788042293458,0.2786857533216361,0.22327120281031662,,
212,meta-llama/Llama-3.2-3B,24,context,0.5225131640578604,0.19201788042293458,0.2786857533216361,0.22327120281031662,0.3305593496636974,0.2088840066327307
213,meta-llama/Llama-3.2-3B,24,no_context,0.3477950456667048,0.19224281435919252,,,,
214,meta-llama/Llama-3.2-3B,24,no_context,0.3477950456667048,0.19224281435919252,0.35635022375743103,0.2374774889708619,,
215,meta-llama/Llama-3.2-3B,24,no_context,0.3477950456667048,0.19224281435919252,0.35635022375743103,0.2374774889708619,0.36058203039879505,0.19658762132809363
216,meta-llama/Llama-3.2-3B,25,standard,0.46273928458976277,0.19588862778975838,,,,
217,meta-llama/Llama-3.2-3B,25,standard,0.46273928458976277,0.19588862778975838,0.32750843436577953,0.2078273736427693,,
218,meta-llama/Llama-3.2-3B,25,standard,0.46273928458976277,0.19588862778975838,0.32750843436577953,0.2078273736427693,0.3587573957134622,0.1937049533909833
219,meta-llama/Llama-3.2-3B,25,context,0.5245462892098365,0.1881404406203658,,,,
220,meta-llama/Llama-3.2-3B,25,context,0.5245462892098365,0.1881404406203658,0.28544166536209303,0.21894611721848328,,
221,meta-llama/Llama-3.2-3B,25,context,0.5245462892098365,0.1881404406203658,0.28544166536209303,0.21894611721848328,0.337249810665794,0.2096238114093849
222,meta-llama/Llama-3.2-3B,25,no_context,0.34718510812111203,0.190659648508507,,,,
223,meta-llama/Llama-3.2-3B,25,no_context,0.34718510812111203,0.190659648508507,0.35591975882829957,0.24045204407075024,,
224,meta-llama/Llama-3.2-3B,25,no_context,0.34718510812111203,0.190659648508507,0.35591975882829957,0.24045204407075024,0.36313854583148597,0.19363771746999
225,meta-llama/Llama-3.2-3B,26,standard,0.4572498466794272,0.19767570962879752,,,,
226,meta-llama/Llama-3.2-3B,26,standard,0.4572498466794272,0.19767570962879752,0.32947009404386013,0.2109815009423601,,
227,meta-llama/Llama-3.2-3B,26,standard,0.4572498466794272,0.19767570962879752,0.32947009404386013,0.2109815009423601,0.35963227107635437,0.19661357067001425
228,meta-llama/Llama-3.2-3B,26,context,0.5139740384195607,0.19726301836050875,,,,
229,meta-llama/Llama-3.2-3B,26,context,0.5139740384195607,0.19726301836050875,0.2818693983251285,0.22479361753162638,,
230,meta-llama/Llama-3.2-3B,26,context,0.5139740384195607,0.19726301836050875,0.2818693983251285,0.22479361753162638,0.33816737247635825,0.21041316112522732
231,meta-llama/Llama-3.2-3B,26,no_context,0.3433221703323574,0.19162948949628933,,,,
232,meta-llama/Llama-3.2-3B,26,no_context,0.3433221703323574,0.19162948949628933,0.35211799137934185,0.24149371345611298,,
233,meta-llama/Llama-3.2-3B,26,no_context,0.3433221703323574,0.19162948949628933,0.35211799137934185,0.24149371345611298,0.35845802691358586,0.19286438365764164
234,meta-llama/Llama-3.2-3B,27,standard,0.447490845949942,0.19078027872051462,,,,
235,meta-llama/Llama-3.2-3B,27,standard,0.447490845949942,0.19078027872051462,0.33412444878459324,0.2196635923504324,,
236,meta-llama/Llama-3.2-3B,27,standard,0.447490845949942,0.19078027872051462,0.33412444878459324,0.2196635923504324,0.3461227981036223,0.19007800403026356
237,meta-llama/Llama-3.2-3B,27,context,0.5103144131460038,0.18766306841964736,,,,
238,meta-llama/Llama-3.2-3B,27,context,0.5103144131460038,0.18766306841964736,0.291863843393024,0.23324190367888176,,
239,meta-llama/Llama-3.2-3B,27,context,0.5103144131460038,0.18766306841964736,0.291863843393024,0.23324190367888176,0.3520005835618464,0.2195389430610518
240,meta-llama/Llama-3.2-3B,27,no_context,0.35185966291217224,0.18500886039876865,,,,
241,meta-llama/Llama-3.2-3B,27,no_context,0.35185966291217224,0.18500886039876865,0.34751712416149744,0.2337971923857501,,
242,meta-llama/Llama-3.2-3B,27,no_context,0.35185966291217224,0.18500886039876865,0.34751712416149744,0.2337971923857501,0.36003610639092554,0.18656266995367393
243,meta-llama/Llama-3.2-3B,28,standard,0.18237132613225712,0.15671570808752916,,,,
244,meta-llama/Llama-3.2-3B,28,standard,0.18237132613225712,0.15671570808752916,0.4310522030210809,0.23555717585323976,,
245,meta-llama/Llama-3.2-3B,28,standard,0.18237132613225712,0.15671570808752916,0.4310522030210809,0.23555717585323976,0.31595034810723,0.2425324652146883
246,meta-llama/Llama-3.2-3B,28,context,0.17606863816113116,0.16524742951998664,,,,
247,meta-llama/Llama-3.2-3B,28,context,0.17606863816113116,0.16524742951998664,0.4293759123005635,0.24627370399765955,,
248,meta-llama/Llama-3.2-3B,28,context,0.17606863816113116,0.16524742951998664,0.4293759123005635,0.24627370399765955,0.319931649102141,0.2434190607186342
249,meta-llama/Llama-3.2-3B,28,no_context,0.18262689651897074,0.15345919679919592,,,,
250,meta-llama/Llama-3.2-3B,28,no_context,0.18262689651897074,0.15345919679919592,0.4292966265826014,0.24531843639164613,,
251,meta-llama/Llama-3.2-3B,28,no_context,0.18262689651897074,0.15345919679919592,0.4292966265826014,0.24531843639164613,0.3150619077067226,0.2478071260977648
